ArtikelNr;Bezeichnung;VKNetto1;EAN1
ANR5223305816;Butter Cream Pan;2,99;
ANR7414453958;Cake;0;
ANR9763797335;Castera ;3,27;
ANR1322362573;Cream Pan;2,9;
ANR2149441672;Curry Pan;3,18;
ANR3796169118;Donut/Melon Pan;3,08;
ANR0468177674;Gare Duk;8,41;
ANR2641036959;Gim-Bap;3,74;
ANR1275658292;Reis cake 5-colour / Mozi;9,25;
ANR0859030448;Reis cake, Duk;8,88;
ANR7547049548;Rotebohnen Pan;2,99;
ANR5077291219;Sliced Bread;3,46;
ANR9219494442;Twist Pan;2,99;
ANR9458783585;Bulgogi Beef;0;
ANR9059163722;Bulgogi Beef 700g;18,69;
ANR8938131387;Shabu Shabu Beef;0;
ANR8035069301;Slice Pork 1kg;16,64;
ANR8775564207;1/2 Dan;3,27;
ANR4113455250;Chinakohl;0;
ANR0305988304;D. Lauch;0,93;
ANR1190611013;Dan;5,61;
ANR8588707445;Gemüse;0;
ANR5098281432;Mungosprossen;1,4;
ANR2271119637;Rettisch;0;
ANR5203249207;sliced lauch;2,8;
ANR9881659848;Sojasprossen;3,27;
ANR0922297016;Spinat;0;
9120086390251;Aloe King 1.5L;3,78;
8719497395156;Aloe Vera Getränk mit Mangogeschmack 500ml;1,68;
8719497395057;Aloe vera king 500ml;1,68;9120086390244
8809253649293;Apple ade;1,26;
8008440249203;Asahi Beer 330ml;2,18;
8806011618249;Bachus decafein;1,51;
9120027416354;Bamboo Chopsticks 100 Pairs;4,12;
8809005029823;Bebida refrescante de Sandia 350ml;1,72;
8801858011116;Bier Cass 6EA;5,04;
8801033776434;Black Vegemil 16 PCs * 190ml;13,61;
8809253644557;Catabile Black Americano;1,26;
8809253644564;Catabile sweet Americano;1,26;
8809018215480;Chateul Soju, Americano ;3,28;
8801152136676;Chem Soju, Sero ;3,36;
4017871800437;Choya sparkling 20cl;2,44;
4905846114972;Choya Ume 50ml*3EA;8,82;
4017871800413;Choya Ume Salute 75cl;7,14;
4905846118536;Choya, Craft Fruit 15.5% 700ml ;20,92;
4905846157511;Choya, Craft Fruit Kokuto 15% 700ml;20,92;
4905846112527;Choya, Extra Shio 15% 0.7L;23,45;
4905846114811;Choya, Extra Years 17% 0.7L;23,45;
4905846123646;Choya, original  10% 50cl;4,96;
4905846134093;Choya, original 10% 75cl;7,48;
4905846960050;Choya, silver  10% 50cl;5,46;
4017871800239;Choya, silver red 10% 50cl ;5,46;
8801056052898;Chum Soju, original ;3,28;
8802340112175;Chum Soju, w/apple ;3,28;
8802340112168;Chum Soju, w/peach ;3,28;
0745891331665;Chung Hwa ;2,94;
4255720100196;Cinnamon Punch 238ml;1,6;
4316734170077;Ess-Stäbchen 20 Paar;1,09;
4260391650017;Galamansi sparkling 350ml;1,72;
ANR6130178623;Ginzano Suzume Mugi;16,82;
8801105000535;Haitai Crushed Pear Juice;1,47; 
8801105901009;Haitai Grape Juice Bon Bon D 238ml;1,51;
8809141980613;Hanaro Multi Roaster ;25,13;
4901808038546;Haykunin no Kikizakeshi 18.5% 720ml;23,53;
ANR4884771085;Hwayo 17% 375ml;12,06;
ANR6033319864;Hwayo 25% 375ml;16,73;
8801104666879;ICE Cacao peach;1,21;
8801104673464;ICE Ddaom strawberry;1,4;
8801062417056;ICE Jaw's bar ;1,21;
8809603450326;ICECAFE Americano;1,26;
8809603450340;ICECAFE Americano Black;1,26;
8809603450388;ICECAFE Hazelnut flavor;1,26;
9120027413230;Inaka Bamboo Matte;1,85;
8809253648166;inna (Inny) Cantabile Green Grape Ade 230ml;1,26;
4262457250001;ITOEN Oi cha 330ml;1,51;
8801048181346;Jinro Soju, fresh ;3,45;
8801048181186;Jinro Soju, is back;3,53;
8801048941001;Jinro Soju, Original ;3,53;
8801048921102;Jinro Soju, w/grape;3,28;
8801048921003;Jinro Soju, w/Grapefruit;3,28;
8801048178308;Jinro Soju, w/plum;3,28;
8801048178018;Jinro Soju, w/strawberry;3,28;
4971650207025;Kikumasamune Hyakumoku Junmai Daiginjo 720ml;45,33;
4260134390811;Kirin Beer 0,5le;1,68;
4260134390279;Kirin Brewery Kirin Free Pils 0,0% 0,33l;1,6;
4260134390248;Kirin Brewery Kirin Ichiban Pils 0,33l;1,6;
4984283002028;Kubota Manju Junmai Daiginjo 720ml;57,48;
4262408610199;Lemonade Lychee;2,35;
8720663431318;Lotte Erdbeere Milkis zzgl. 25cent Pfand, EINWEG, Getränk mit...;1,22;
8720663431134;Lotte Original Milkis zzgl. 25cent Pfand, EINWEG, Getränk mit...;1,22;
0742832442619;Macha Eistee BIO VEGAN;2,35;
9120027412769;Mak-Gul-Ri Kuk-Sun-Dang  Rice 6% 750ml ;2,27;
8802521209489;Mak-Gul-Ri Kuk-Sun-Dang Chesnut 4% 750ml ;2,44;
8801250001289;Mamison M;3,53;
8801250861050;Mamison S;3,53;
4260391650383;Mango sparkling 350ml;1,72;
4530731420038;Matsui Junmai Kagura Muroka Mukasui Nama 720ml;33,53;
4260397244289;Maxon Gaskocher ;28,15;
8809005029694;Melon Sparkling 350ml;1,72;
8809253649279;orange ade 230ml;1,26;
4970077204402;Otafuku Takoyaki Plate induction;24,37;
8809005028970;Otros Fabricantes Refresco Corea SFC Sabor Mango;1,72;
4006599000366;Ozeki, original 14.5% 1.5L;17,56;
4006599000359;Ozeki, original 14.5% 750ml ;10,84;
4006599000403;Ozeki, Sake Dry 14.5% 1.5L;17,56;
4006599000410;Ozeki, Sake Dry 14.5% 750ml;10,84;
4255720100059;POkari sweat 500ml;3,61;
8801774100222;Poly glove 50 ;2,1;
9120027418976;Ramune Erdbeer 200ml;2,1;
9120027418969;Ramune Heidelbeer 200ml;2,34;
4035458207134;Ramune Litchee 200ml;2,1;
9120027418952;Ramune Melon 200ml;2,1;
9120027418983;Ramune original 200ml;2,1;
9120086390183;Ramune Shio Suika 200ml;2,1;
9120086390176;Ramune Yuzu 200ml;2,1;
4902494190334;Ramune: Litchi;2,1;
8801128900201;Rice Punch;1,78;
4901030257098;Sake, Gekkeikan Daiginjyo Nama Tsume 15,5% 720ml;15,13;
4902650054975;Sake, Hakutsuru 13.4% 1.8L;11,68;
4902650017130;Sake, Hakutsuyu 13.5% 2L;17,56;
4901030225660;Sake, Karakuchi 13.5% 2L;15,13;
4901309109004;Sake, King 13% 2L;18,4;
4971686521683;Sake, Koyama Honke 14% 2L;19,24;
4972776941756;Sake, Kuro Kirishima Imo 25% 720ml;23,45;
4978657112932;Sake, Meiri 15% 1.8L;0;
4901808022071;Sake, Sawanotsuru 13.5% 2L;21,76;
4901808022378;Sake, Sawanotsuru 13.5% 900ml ;10,84;
4035458204317;Sangaria Ocha 340ml;1,47;
4006599000915;Sapporo Bier Premium Lager 330ml - 4.7% vol. - bei asiafoodland.de;2,18;
4987316043463;Sato cooling Gel Pads;3,61;
16586781;Sato cooling Gel Pads;4,03;
13897210;Sato Q10 Kollagen 30ml;2,35;
0648436300037;Shikhye Rice Punch;1,26;
4972776141859;Shochu Aka Kirishima Imo 900ml;21,76;
8803237116962;Sikhae NH 238ml;1,47; 
8802521110266;Soju, 100-Year 13% 375ml;3,78;
8801147121731;Soju, BoHae  16.5% 360ml;3,78;
4906666100213;Soju, Iichiko 25% 700ml;19,24;
8801048096008;Soju, Il-Pum 25% 375ml;15,88;
4973766000897;Soju, Satsuma 25% 720ml;23,45;
4973766001078;Soju, Satsuma 25.2% 700ml ;18,49;
8801030810018;Soju, Sel-Jung-Me 14% 375ml;7,48;
8802521105019;Soju, Ye-Dam 13% 700ml;7,48;
8809005029571;Sparking Plum 350ml;1,72;
8801551102012;Sun Fuel 4EA;7,39;
4901777197114;Suntory Bebida Licor Pomelo | Strong Zero Grape;4,2;
4901777293656;Suntory Bitter Lemon 9%;4,2;
4260391653063;Suntory high Ball 9%;4,37;
4901777210912;Suntory Shikwasa 9%;4,2;
4260391650628;Suntory Ume Kanjuku 9%;4,2;
4316734123592;Terra Beer 330ml;1,76;
4936790512101;Tominaka Ulong Tea;1,51;
8801164140746;Tool triangle ;2,35;
8809253649231;Vanilla Americano;1,26;
88000817;Vegemil 190ml;0,84;
8801033903021;Vegemil 190ml * 16 PCS;12,18;
8801033775932;Vegemil 190ml Black Bean;1,01;
8801043450690;Welchis original;1,92;
8801043064088;Welchis Zero;1,92;
8801007908052;whole picked radish;3,27;
4099944000098;Wine, Red 14% 0.75L;10;
4099944000074;Wine, white 12.5% 0.75L;10;
8809253649255;Xenos Cantabile korean pouch drink - aardbei - 230 ml;1,26;
8809253644687;Xenos Cantabile korean pouch drink - bosbes - 230 ml;1,26;
8809253648234;Xenos Cantabile korean pouch drink - mango - 230 ml;1,26;
8809253644588;Xenos Cantabile korean pouch drink - perzik - 230 ml;1,26;
0798190261249;Yuzuka light 0,33l;2,35;
0742832682022;Yuzuka original 0,33l;2,35;
8809451240025;Yzza concentrsted Juice & Mix 1Kg;8,82;
ANR2431908270;Dokusenmai 5Kg*2EA;37,29;
ANR1839753772;Frozen Produckt;0;
ANR4901343169;Kim's Kimchi Chonggak;8,41;
ANR6915274473;Kim's Kimchi large ;6,54;
ANR3760892733;Kim's Kimchi radish;3,74;
ANR6558343168;Kim's Kimchi small;2,8;
ANR4100434467;Kim's Kimchi Yulmu;4,67;
ANR4271166254;Min Sok Goma 300g;5,14;
ANR5370466956;Sesame oil 0,35L Minsok ;11,12;
ANR9369727754;Sesame oil 0,7 L Minsok;21,03;
ANR3382462918;Shitake Pilze 100g;3,93;
ANR1208442823;Sojabohnen 1kg;5,51;
ANR3228715661;test gemüse;0;
ANR3788477111;Troken waren;0;
ANR0447550202;Yume Nishiki 5Kg*2EA;43,83;
ANR4942026506;Yume Nishiki 5Kg*2EA;43,83;
4956199047103;Akitagomachi 10Kg;49,44;4994424216405
4986263000062;Dokusenmai 5Kg;19,16;
0081652000327;Ehiechun Reis 9.07Kg;23,27;
8809143065028;Hadong Rice 2Kg;5,42;
4956199867107;Hanaechizen 10Kg;43,83;
9120027410031;Kimpo 9.07Kg;21,4;9120027410031
8410769001972;Minori 10Kg;43,83;
8410769001965;Minori 5Kg ;24,77;
8809001812320;NH Reis 4Kg;14,02;
8809137700904;Plus 15 sort 800g;9,25;
8809137700911;Plus 25 sort 800g;9,81;
4006599000687;Yume Nishiki 10Kg;44,77;
4006599000670;Yzme Nishiki 5Kg;26,07;
8801052732350;CJW, Soup Soy sauce 840ml;4,95;
4901515120411;Kikkoman BIO Soy sauce 500ml;4,58;
8715035150300;kikkoman Glutenfree soy sauce 250ml;3,64;
8715035150805;Kikkoman glutenfreie Soy sauce 1L;8,32;
4901515359958;Kikkoman Hon Tsuyu 1L;9,81;
4901515122217;Kikkoman Koikuchi 500ml ;3,93;
4901515111150;Kikkoman Koikuchi Shoyu ;6,45;
4901515120404;Kikkoman Marudaizu 500ml;5,14;
4901515115172;Kikkoman Marudaizu Shoyu 1L;9,25;
8715035644007;Kikkoman Mirin-Fu 125ml;2,06;
8715035450301;Kikkoman poke sauce 250ml ;4,21;
8715035450806;Kikkoman Poke sauce 975ml;15,79;
8715035520806;Kikkoman Ponzu 1L ;12,06;
8715035520301;Kikkoman Ponzu 250ml;4,21;
8715035590304;Kikkoman Ramen Shoyu 250ml ;4,21;
8715035670501;Kikkoman salt less soy sauce 480ml;5,61;
8715035670808;Kikkoman salzreduzierte Soy sauce 975ml;8,32;
8715035584006;Kikkoman sesame oil 125ml;3,27;
8715035110106;kikkoman soy sauce 150ml;2,8;
8715035110809;Kikkoman Soy sauce 1L;6,45;
8715035110304;kikkoman Soy sauce 250ml;3,08;
8715035110502;Kikkoman Soy sauce 500ml ;5,14;
8715035150102;Kikkoman Soy sauce glutenfree 150ml;3,55;
8715035240308;Kikkoman Sushi & Sashimi soy sauce 250ml ;3,64;
8715035614000;Kikkoman Sushi Su glutenfree 125ml;2,06;
8715035490307;Kikkoman Terixaki less salt 250ml ;4,21;
8715035210301;kikkoman Teriyaki 250ml ;4,21;
8715035290303;Kikkoman Teriyaki glutenfree 250ml ;4,49;
8715035330801;Kikkoman Teriyaki Sauce 975ml;15,79;
8715035310308;Kikkoman Teriyaki sauce honig 250ml;4,21;
8715035270305;Kikkoman Teriyaki sauce knoblauch 250ml;4,21;
8715035280304;kikkoman Teriyaki sauce sesam 250ml;4,21;
4901515008306;Kikkoman Tofu Miso ;3,55;
4901515112713;Kikkoman Usukuchi Shoyu 1L;7,38;
8715035360303;Kikkoman Yakitori sauce 250ml;4,21;
5060336504035;Mizkan Rice Vinegar 568ml;4,21;
8801005140485;Sempo Soysauce 501 1.7L ;10,75;
4562139012928;Benitenshi Yakiimo 500g;9,25;
9120027413278;Cut Crab;11,21;
9120027411731;Dried Anchovy 453g;12,8;
8807780880868;E-Muk 1Kg;8,97;
8807780013044;E-Muk 500g;4,95;
5420076400194;Garnelen 21/25 1Kg;13,93;
ANR1275078720;Ice, Kono gelato Hojicha;4,07;
ANR8667777626;Ice, Kono Gelato Kurogoma;4,07;
ANR0479524070;Ice, Kono gelato Macha;4,21;
ANR4021269906;Ice, Kono gelato Sencha;4,21;
8801024944569;Jongga Tokbikki 500g;3,64;
4562129645907;Kakifurai 300g;8,6;
0081652205524;Kimchi Son Mandu 1.3Kg;11,12;
0074410358372;Natto 3PCs;3,27;
8801548034128;Son Mandu 907g;9,81;
ANR0372061031;Tintenfisch;17,76;
4902820912210; Furikake shiso 30g;1,87;
4901326041325; Kasugai Watermelon Gummy Candy 113g;2,62;
4987035338727; Pocari Schweiß pulver 5-bag for 1L;15,42;
4997483400327; Urashima Furikake Nori Vege Nihon 50g;3,64;
8809137700812;10-Sort mixed rice 800g;8,6;
0087703312692;88 Seoul Topokki Cup;3,27;
8801019315404;Ace Cracker ;2,06;
8934563714048;Acecook Sapporo Miso Ramen 4-bags;3,27;
8934563681142;Acecook Shoyu Cup ;1,21;
8934563713041;Acecook Shoyu Ramen 4-bags;3,27;
8934563682156;Acecook Tonkotsu Cup;1,21;
8934563712044;Acecook Tonkotsu Ramen 4-bags;3,27;
0031977512906;Age ball 120g;2,8;
5905279248007;Ajinomoto Chicken Gyoza 600g;7,94;
8858639000456;Ajinomoto Chicken Gyoza 600g;8,88;
5901384599706;Ajinomoto chicken powder 250g;4,58;
8858639000098;Ajinomoto Goma Teba 1Kg;23,27;
5905279248014;Ajinomoto Pork Gyoza 600g;7,94;
0074410120115;AKA Umeboshi 227g;4,58;
8805957017451;Allgroo Jajang 1.15Kg;5,14;
4035458206489;Aokappa 200g;1,78;
4018905627754;Aro Tafelsalz 500g;0,93;
4018905311233;Aro Weizen-mehl typ 405;1,21;
4018905443095;Aro Zuker 1Kg;1,4;
8851613007274;Aroy-D 1+1 free;2,62;
0016229001711;Aroy-D coconut Mlik 400ml;2,62;
0081652800033;Assi Chik cold nudeln 1Kg;7,94;
0081652080688;Assi JJol-Myeon 420g;4,49;
0081652080664;Assi Mak Guk-Su 502g;5,14;
0081652080145;Assi only cold nudeln 680g;6,26;
0081652800026;Assi Pung Yang cold nudeln 1Kg;7,01;
0081652800019;Assi Sun cold nudeln 1Kg;7,01;
0081652041368;Assi Yuk-Su;0,93;
0081652034711;Assi, Black bean paste 1Kg;6,07;
0081652083085;Assi, Bong-Pung Soba nudeln 907g;3,27;
0081652071051;Assi, Dried Kelp 56g;2,34;
0081652094487;Assi, fullmoon Pung;5,14;
0081652081111;Assi, Jajang Nudeln 1.81Kg;5,89;
0081652081142;Assi, Jajang nudeln 907g;3,08;
0081652081180;Assi, Kalgukso 1.81Kg;6,07;
0081652081173;Assi, Kalguksu 907g;3,27;
0081652081104;Assi, Mak-Guksu 1.81Kg;5,89;
0081652081135;Assi, MakKuksu 907g;3,08;
0081652053156;Assi, Plum Extract 670g;8,32;
0081652080626;Assi, So Men 1.36Kg;5,51;
0081652081128;Assi, Udon Nudeln 1.81Kg;6,07;
0081652081159;Assi, Udon nudeln 907g;3,08;
0853558002411;Azuki Bar 6-Packs;8,22;
8801085068815;Ba-Ji-Rak KalGuksu 1EA ;2,71;
4718005881161;Baby Star Original 185g;4,95;
4718005881055;Babystar Tokotsu Ramen snack;1,68;
4718005881062;Babystar Wilde Ramen Snack;2,71;
4718005881048;Babystar Yakisoba ramen snack;1,68;
8801111922708;Bam Yamggang 50g;0,93;
8809087460132;BDG 12-sorted pulver 1Kg;6,45;
8801007616605;Beef Dashida 2.25Kg;24,21;
4901336108681;Befco Bakauke Aonori 100g;3,64;
4035458206465;Beni Shoga 200g;1,78;
8801392061899;Bibigo Kimchi 1Kg;12,06;
8801392061912;Bibigo Kimchi 500g ;7,38;
8801007997605;Bibigo Kimchi sliced 150g;2,06;
4016337912424;Bibigo Pork Mandu 600g;6,45;
8801007234601;Bibigo Samjang 500g;2,34;
8801007346496;Bibigo seaweed Flakes 50g;2,52;
0807176706428;Bibigo seaweed snack BBQ ;2,34;
0807176706107;bibigo seaweed snack sesam;2,34;
0807176706404;BiBigo Seaweed snacks Wasabi;2,34;
8801007121680;Bibigo suntofu 350g;2,34;
8801392037078;Bibigo Tobokki Cup;2,71;
8801007112497;Bibigo tofu firm 300g;2,71;
8801007112480;Bibigo Tofu soft 300g;2,71;
4016337912400;Bibigo, Galbi Mandu 525g;8,32;
4016337911199;Bibigo, Mandu Kimchi&Pork 525g;7,94;
8801007038780;Black Rice;1,87;
8801016325802;Bread Crumbs 1Kg;5,14;
8801007176352;BS Beef Galbi sauce 500g;3,93;
8801007176321;BS beef sauce 290;2,34;
8801007176369;BS beef sauce 500g;3,55;
8801007101408;BS Brown Sugar 1Kg;4,95;
0807176221013;BS Frying Mix 1Kg;3,83;
0807176709122;BS Hoduk Mix 400g;3,27;
8801007168777;BS Hunmi vinegar 900ml ;3,08;
8801007077369;BS Oligodang 700g;3,64;
8801007150390;BS pancake mix 1Kg;3,27;
8801007150406;BS pancake Mix 500g;2,06;
8801007648309;BS Panko 450g;2,62;
8801007303147;BS Plum  Süsse Zwetschgen 1,2kg;8,32;
8801007343884;BS Plum Chung 1.025Kg;8,69;
8801007176345;BS pork Galbi sauce 500g;3,55;
8801007012094;BS pork Galbi sauce 840g;4,58;
8801007176338;BS pork sauce 290g;2,06;
8801007176376;BS pork sauce 500g;3,55;
8801007012087;BS Pork sauce 840g;4,49;
8801007028729;BS salt fine 1Kg;3,08;
8801007140636;BS salt fine 250g;1,68;
8801007165011;BS salt fine 400g;4,21;
8801007217420;BS Somen 500g;2,34;
8801007205557;BS Somen 900g;4,21;
8801073116467;Buldak carbonara 1EA;1,87;
8801073211254;Buldak cheese Cup;2,34;
8801073211667;Buldak Cup S;2,34;
8801073140578;Buldak Multi 5-Packs;8,88;
0761898764343;Bull Ramen Cup L;2,34;
4902551012159;Bulldog Chuno Sauce 500ml;4,86;
4902551013156;Bulldog Tonkotsu Sauce 500ml ;4,86;
0087703150607;Bung-E-Pan 900g;8,69;
8801019602498;Burn potato chips;1,21;
8807780880875;Busan E-Muk 1Kg;9,25;
8809183070761;Busan E-muk 1Kg;9,25;
8809183070044;Busan E-muk 420g;4,58;
0087703012684;Buvkwheat Noodle 680g;3,64;
8801007009858;C&J CJ Hetbahn Cooked White Rice 3 Bowls;4,86;
4901340030145;Calpis L-Pack concentrated Calpis 1L;18,22;
8801062332113;Candy anytime xylitol;1,78;
8801566035077;Candy Citron ;1,5;
8801062009527;Candy green grape;2,62;
8801566034445;Candy green Tea ;1,5;
8801062013388;Candy Milk;2,15;
8801566020240;Candy nu-lung-gi;1,68;
8801566034353;Candy peppermint ;1,78;
8801062013395;Candy Strawberry ;2,15;
4978065013432;Cha Soba 250g;2,62;
0087703341401;Cha Soba 640g;4,58;
8801043157759;Cham-Pong Ramun 1EA;1,68;
4901530056078;Chikuwa Takebue 160g;3,27;
8801759001094;Chilgab Mando cover 310g;2,8;
8801043032285;Chimchi Cup L;1,96;
8802340112151;Chum Soju, w/citron ;3,64;
8809050580010;Chung-Guk-Jang 180g;2,34;
8801127120020;Chung-Su Bibim cold nudeln 720g;8,88;
8801127120013;ChungSu Mul coldnudeln 720g;10,19;
8809841061568;Chuross Zuckerwatte;0,93;
8801007216317;CJ blackrice 3EA;5,51;
0807176710548;CJ Foods Arroz Coreano Bibimbap Doenjang 280 grs;4,39;
8801007907734;CJ half radish 400g;3,27;
8801007054186;CJ Hatban 300g;2,43;
8801007684543;CJ Hatban mixed 210g;2,15;
8801007216294;CJ instant brown rice 3EA;5,51;
8801007310572;CJ instant rice 210g;1,68;
8801007363752;CJ sliced radish Pickle 320g;2,71;
8801007329307;CJ tofu 520g;5,14;
8801007150369;CJ, frying pulver 500g;2,34;
8801007052991;CJ, Samjang 1Kg;5,14;
8801052012452;CJW Beefbulgogi Sauce 500g;3,55;
8801052431284;CJW, apple vinegar double 500ml;1,59;
8801052435596;CJW, Cho-Gochujang 300g;2,34;
8801052435022;CJW, Gochujang 1Kg;7,38;
8801052801773;CJW, Gochujang 200g;2,15;
8801052435091;CJW, Gochujang 3Kg ;19,53;
8801052435015;CJW, Gochujang 500g;3,83;
8801052431048;CJW, Hunmi venegar 900ml;3,08;
8801052036113;CJW, JangJo Soy Sauce 840ml;3,55;
8801052135779;CJW, kochen sauce 410ml;2,99;
8801052436029;CJW, Miso 1Kg;4,86;
8801052436012;CJW, Miso 500g;2,52;
8801052774411;CJW, Nori 3EA ;2,24;
8801052733845;CJW, Oyster sauce 250g;3,27;
8801052901015;CJW, Rice Syrup 700g;3,93;
8801052734460;CJW, salt 280g;1,4;
8801052730479;CJW, Salt 5Kg for Kimchi ;21,5;
8801052730448;CJW, Salt for cooking 1Kg;4,67;
8801052730455;CJW, Salt for Kimchi 1Kg;4,58;
8801052730462;CJW, Salt for Kimchi 2.5Kg;11,21;
8801052438016;CJW, Samjang 500g;2,34;
8801052732343;CJW, Soup Soy Sauce 500ml;2,8;
8801052780313;CJW, Soy Sauce für Soup 1.7L;10,75;
8801052451022;CJW, Syrup 1,2Kg;4,02;
8801052451039;CJW, Syrup 2.45Kg;8,32;
8801052451046;CJW, Syrup 5Kg;15,89;
8801052451015;CJW, Syrup 700g;2,62;
8801052733104;CJW, Tonkotsu Sauce 400g;2,71;
8801052727516;CJW, Yori-Dang 700g;3,27;
0084909002365;Cock Currypaste, GREEN 400g;3,08;
0084909002358;Cock, Currypaste YELLOW 400g;3,08;
0084909002341;Cock, Currypaste, RED 400g;3,08;
8809841060752;Cold Saba candy;0,93;
0084909000484;Cook brand Grüne Mungobohnen 400g;1,87;
8858826300017;Cook Chilisauce für Huhn 290ml ;1,78;
0084909023049;Cook Chilisauce für Huhn 800g;3,93;
0084909000781;Cook klebreismehl 400g;2,15;
8858826308976;Cook Tapioka Pearl 400g;1,87;
8801111611091;Corn Chee 66g;2,15;
8801111611312;Corn chips 70g;2,62;
4718005881024;Crispy Ramen Snack 75g;1,68;
4718005881031;Crispy Ramen Snack Garlic Flavour 70g;1,68;
8801111188012;Crown Grape;0,65;
8801111907934;Crown Lemonade;0,65;
8801111917421;Crown Sando Strawberry 161g;2,8;
8801111187992;Crown strawberry ;0,65;
4904932963562;Daishin Baran 1Kg;7,94;
4904621042660;Daisho Nabe Chimchi 750g;3,55;
4904621148744;Daisho Nabe Oden 745ml;3,55;
4904621045241;Daisho Nabe Shanra 740ml;6,45;
4904621148751;Daisho Nabe Sukiyaki 750g;3,55;
4904621148812;Daisho Nabe Tantan 736ml;4,02;
4904621148379;Daisho Nabe Tonkotsu 740ml;4,95;
4904621038274;Daisho Wasabi Kaoru dressing 150ml;3,08;
4904621126414;Daisho Wasabi Kaoru Mentsuyu 148ml;3,08;
4904621126407;Daisho Wasabi Yakiniku no Tare 146ml;3,08;
4904621126841;Daisho Yakiniku no Tare Yuzu 146ml;3,27;
4904621038267;Daisho Yuzu Dressing 150ml;3,08;
4904621078270;Daisho Yuzu Mentsuyu 148ml;3,27;
8809355828503;Dal-go-Na;1,12;
8801007686875;Dasida beef 300g;4,58;
8801007434681;DDam Tokbokki sauce 150g;1,87;
4987316043388;DHA & EPA 20sticks 66g;11,96;
4316734050256;Diamond Bambus scheiben 227g ;1,21;
4316734050195;Diamond Bambus streifen 227g ;1,21;
4316734039756;Diamond Black Fungus 100g;5,79;
4316734039718;Diamond Black Fungus 50g;3,08;
4316734061542;Diamond Quick cooking 500g;2,24;
4316734084244;Diamond Sambal oleck 200g;1,4;
4316734073880;Diamond Vermicelli 100g;0,84;
4316734073873;Diamond Vermicelli 250g;1,87;
9120027411359;dried anchovy 230g;12,06;
8802812906547;Dukbokki 1Kg;5,14;
8802812906028;Dukbokki 500g;2,62;
8802812906059;Dukguk Duk 1Kg;6,07;
8801024944552;Dukkuk Duk 1Kg;6,45;
8801047142140;DW canned Makrele 400g;4,58;
0883298616098;DW Canned Whelk 400g;12,06;
8801047228806;DW Hansik Gim Jaban 50g;3,27;
8801047111870;DW Tuna CAN 250g;4,49;
8801047129035;DW Tuna pepper CAN 135g;3,27;
8801047121350;DW Tuna Yasai CAN 150g;3,27;
8801047111849;DW, Tuna light CAN 150g;3,27;
8809183070174;E-Mug mixed 900g;8,88;
8809183070181;E-Mug Oden 500g;5,51;
4545732607654;Eat.K Gim Jarae 40g;4,58;
4545732607661;Eat.K Gim Pare 40g;4,58;
4035458205574;Ebi Fry ;5,51;
8717591517825;Ebi Fry 300g;5,14;
4901075010092;Echigo Seika Kinako flavored;3,64;
4035458212275;Edamame 400g;2,8;
4316734763668;Farmer Brand Reisnudeln 3mm 400g;2,24;
8850180051031;Fish sauce 700ml ;3,27;
8853991002407;Flourish Glutinous rice flour 400g;1,59;
8853991001400;Flourish Rice flour 400g;1,5;
8801068360226;fresh Udon 200g;0,93;
8809128284208;fresh Udon Nudel 200g;0,93;
8809024386150;Fried red bean Dumpling 700g;9,81;
8809204360017;froz. Sengkalguksu 1Kg;7,38;
4035458212435;Frozen Pumpkin 500g;4,21;
4902557011330;Fuku Katakuriko 280g;2,34;
4035458206526;Fukujin Zuke 200g;1,78;
4997483400532;Furikake Yuzu Nori ;4,02;
4560159440349;Furusato Sodashi Udon 400g;3,27;
4902533012948;Futaba Nori Katsuo 50g;4,21;
4902533012979;Futaba Nori Tamago Furikake - Seaweed & Egg Flavour;3,64;
4902533012917;Futaba Shokudoraku Furikake 50g;4,21;
8801052012476;Galbi Sauce 500g;3,55;
8808416183025;GangYa, Plum Chung 1,1Kg;7,38;
4779050010203;GCHN Sushi Nori 50 sheets;9,81;
4907050001222;Gemüse Korokke 600g;9,81;
8809128283539;Gemüse Mandu 600g;4,21;
0000008004420;Gemüse Sun-Dae442g;11,12;
0087703082748;Geröstete Sesamkörner 906g;7,38;
4260391651113;Gerösteter sesam 906g;11,12;
8809137708023;Geschliffene Gerste 800g;7,48;
8809128283522;GH MSR Gimbab Gim 50 EA ;8,88;
8802373110414;GH Zitron Tea 1Kg;10,19;
4779050010548;GHN Nori (5g*3);1,87;
8936150380025;Gia Bao Reisnudeln 500g;2,34;
0807176703724;Gim 20g full size;1,78;
0081652071730;Gim 4+2 6pkg*5sheets;7,94;
9120027414565;Gim Galbi 1Kg;18,6;
0087703159921;Gimari Hot 500g;8,22;
0087703159914;Gimmari Gemüse 500g;8,22;
8802783201412;Ginger Tea 1Kg;8,32;
8805892001775;Ginseng Tea 30-bags;9,25;
8809459120459;Ginseng Tea 50 PKGs;9,25;
8805892008699;Ginseng Tea 50-Bags ;14,49;
8801117282806;Go-So-Mi snack;1,78;
0031977513064;Gobo Maki 160g;3,27;
8801007052335;Gochujang 14Kg;41,31;
8801052993768;Gochujang 5Kg;22,9;
8801052052397;Gochujang Dukbokki suace 120g;1,68;
4901335004540;Gokochi Kartofelchips Black Pepper;1,68;
4901335004335;Gokuchi Kartofelchips original;1,68;
0074880040616;Golden Curry with Vegetables Med.Hot 230g ;3,08;
0074880040609;Golden Curry with Vegetables mild 230g;3,08;
0031977512241;Gomoku age 140g;2,8;
0648436310043;Gompagetti multi;4,21;
8801117141301;GoreBab braten 46g;1,21;
0084909005465;Green curry paste 50g ;0,65;
8801062380213;Grilled Corn Mais;2,62;
8801062380114;Grilled corn original ;2,62;
4902820112801;grüne bohn chahan no moto 29g;1,87;
0087703079526;Gugen ZZang snack;2,06;
0087703021419;Gulbi 680g;14,86;
8809486992234;GumJung Yakgwa 400g;5,51;
4904621070632;Hakata Ramen 188g;2,34;
4904621070625;Hakata Yatai Ramen 188g;2,34;
0011152251936;Hakubai Mochigome 907g;6,45;
0011152286686;Hakubai sweet rice 5LB;12,06;
4902650053893;Hakutsuru Ryori no Nihonshu 500ml;5,51;
4902650045898;Hakutsuru Ryori no Seishu 500ml ;5,51;
8807780013075;Hana E-Muk Mixed 800g;8,32;
0081652083139;Hana Soba 800g;3,64;
4902401152028;Hanamaruki red 1Kg ;4,58;
4902401509570;Hanamaruki red 350g;2,34;
0688665000186;Hanamaruki Shio Koji 500ml;4,95;
4902401152011;Hanamaruki white 1Kg;4,58;
4902401509587;Hanamaruki white 350g ;2,34;
49850208;Hanpen 60g;1,87;
8801007916200;HCD Gochungjang 500g;4,02;
8801007053394;HCD Miso 1Kg;4,86;
8801007053349;HCD Miso 500g;2,52;
8801007052816;HCD Samjang 170g;1,45;
8801007053134;HCD Samjang 450g for Grill;3,64;
8801007943626;HCD, Gochunjang 1Kg;7,38;
8801007980379;HCD, Gochunjang 3Kg;19,53;
4902663015574;Hikari Miso Aged Red Miso 300g;3,27;
4902663010609;Hikari Miso Enjuku Koji 375g;5,51;
4902663009702;Hikari Miso Mutenka Yuki 375g;5,51;
4902663018315;Hikari Miso Nama Koji 400g;5,51;
0074410633363;Himemaru Reis snack;2,34;
4901309005740;Hinode Mirin Junryo 1L ;10,19;
4901309003418;Hinode Ryorizake Junryo 1L ;10,19;
4901309003166;Hinode Sake zum kochen Ryorishu Junryo 12% 1L;7,38;
4976613003232;Hinokumi Katakuriko 250g;2,34;
8801019315527;Home Run Ball ;2,34;
4904670112093;Hon Mirin 13.6% 1L;8,32;
4901515359941;Hon Tsuyu 300ml;3,64;
8801019606540;Honey butter chip ;2,99;
0077377871328;House cream stew 140g ;4,58;
0077377446090;House Curry sauce Hot;2,62;
0077377445994;House Curry with Vegetables med.Hot 200g;2,62;
0077377445864;House Curry With Vegetables mild 200g;2,62;
0077377002456;House JAVA curry Hot sauce mix 185g;4,58;
0077377002166;House JAVA curry med.hot 185g;4,58;
0077377361966;House Mabo Tofu sauce Hot 150g;3,08;
0077377196216;House Mabo Tofu sauce med.hot 150g;3,08;
0077377740648;House Mabo Tofu sauce mild 150g;3,08;
4902402653036;House Namashoga 40g;1,78;
49715286;House Rayu 31g;2,62;
0076371015332;House Tofu firm 400g;3,64;
0076371015318;House Tofu Medium 400g;3,64;
0076371015370;House Tofu Silken 230g;3,64;
0076371015325;House Tofu soft 400g;3,64;
9120086394785;HS fish sauce 870ml ;4,02;
9120086392095;HS O-Jing-E Jot 80g;3,27;
8801074800648;HS Yu-Bu 160g;3,08;
8801019307133;HT frenchi Pie strawberry 192g;5,23;
8809128280248;HT Garlic stem Kimchi 200g;4,21;
0020914811707;HT Gemüse Sonmandu 907g;8,88;
8809128280255;HT Pepper-Kimchi 200g;4,21;
8809128280231;HT Seasoned radish Kimchi 200g;4,21;
8801019007774;HT Yokan 55g;0,93;
8805495000366;Hungary Gang-Neng-I;2,8;
9120027410673;Hunmi 2Kg;7,01;
0087703082083;Hyunmi  Pung;1,96;
4901006220132;ICE Azuki 1EA ;1,21;
4006599000809;ICE Azuku bohnnen;3,64;
8801104123181;ICE bibibig;1,21;
4006599000816;ICE Black sesame;3,64;
8801104675628;ICE Ddaom pineapple;1,4;
4901170002619;ICE Garigarikun soda;1,5;
8801062442553;ICE Jumulluck cola;1,68;
4901006211154;ICE Melon Cup;3,36;
8809713220048;ICE polapo grape;1,4;
8801104900010;ICE Pong-Ta;1,68;
8809713220390;ICE Tankboy;1,4;
8801104673440;ICE Taom peach ;1,4;
8801062417117;ICE watermelon ;1,21;
8801104666770;ICE, Cacao green grape;1,21;
8801104666855;ICE, Cacao Plum;1,21;
4901170002626;ICE, Garigarikun Cola;1,5;
4901170002633;ICE, Garigarikun Grapefruit;1,5;
8801062417018;ICE, screw bar ;1,21;
8801104673501;ICE, Taom Passion Fruit ;1,4;
8809513710459;Im-Ga-Ne Paprika Pulver 1Kg;10,75;
4901006213325;Imuraya greentea Ice 140ml;2,8;
4901006211178;Imuraya ICE Cup strawberry;3,36;
4901006211161;Imuraya Ice CUP watermelon;3,36;
4901006213097;Imuraya Vanilla ICE 130ml;2,8;
4901006310574;Imuraya Yude Azuki Tei Kanmi 400g;4,02;
4901006310819;Imuraya yudezuki 200g;4,02;
9120086390688;Inaka  Panko 200g;1,4;
9120027413766;Inaka GimBab Gim 50 EA;9,81;
9120027412103;Inaka gold Nori 50-sheets;8,32;
9120027414008;Inaka Panko 1Kg;4,58;
9120027416859;Inaka sliced Yellow Radish 1Kg;5,14;
9120027415852;Inaka Sushi Nori 50-sheets;9,25;
9120086391579;Inaka Wasabi Poeder 30g;1,68;
9120027411021;Inaka Wasabi Tube 43g;1,4;
9120027415906;Inaka Yellow radish 350g;2,06;
0074410278724;instant miso Friedbean Curd;2,8;
0074410269739;instant miso green onion;2,8;
0074410278731;instant Miso Spinach ;2,8;
0074410269746;instant Miso Tofu;2,8;
0081652080039;Issine, coldnudeln 1Kg;6,07;
0081652194514;Issine, Coldnudeln Bibim;5,89;
4935775270814;Ita Konyak 250g;1,68;
4262457250025;Itoen Matcha Green Tea;1,51;
4901726014912;Itsuki Hokaido Yuzu Shio Ramen 2-servings ;3,64;
4901726014905;Itsuki Thokyo Yuzushoyu Ramen 2-servings;3,27;
4901726014943;Itsuki Tomkotsu Fu Ramen;3,36;
4901726014967;Itsuki Tonkotsu Fu Ramen 2 servings;3,36;
4901726014950;Itsuki Tonkotsu Fu Ramen 2-servings;3,27;
4901726015186;Itsuki Udon 3-persons;4,02;
4901726015384;Itsuki Yakisoba school 4-persons;4,95;
4901726012802;Ituki Yakisoba 3-persons;3,64;
0011152085074;J-Basket Buchwheat nudeln 720g;6,07;
0011152020235;J-Basket Inarizushi no moto 280g;4,49;
0011152206929;J-Basket Ramen nudeln 720g;6,07;
0011152085098;J-Basket Somen 800g;6,07;
0011152085081;J-Basket Udon 800g;6,07;
0011152136127;J-Basket Yamaimo Iri Zarusoba 300g;2,62;
0081652085782;JaJang Rapokki Cup;3,08;
4901577068430;jap. Pasta sauce 73g;5,51;
4901577083815;jap. Pasta sauce Mentaiko 74g;4,49;
4902882030105;jap. Zuker 1Kg;7,38;
8801062002542;Jelly Cious ;1,21;
0645175571636;Jin Cup Hot large ;1,78;
8801045575629;Jin Cup L mild;1,78;
0645175570288;Jin Cup S Hot;1,4;
0645175570103;Jin Cup S mild;1,4;
8801045999913;Jin Ramun Hot 1EA ;1,12;
8801045999906;Jin Ramun Mild 1EA;1,12;
8801052036120;Jin soysauce 1.7L;6,45;
8801005105279;Jin Soysauce 15L ;29,77;
8801389031034;Jinmi Black bean paste 300g;2,34;
8801048101023;Jinro soju Zero Sugar;3,93;
8809204362042;Jolmun 1Kg;6,26;
0808248144025;Jongga Kimchi 1Kg;12,99;
5905563491072;Jongga Mat Kimchi 700g;7,38;
8801052040523;Jongga Mat-kimchi CAN 160g;2,34;
8801024957507;Jongga Tofu firm 300g;2,71;
8801024957491;Jongga tofu soft 300g;2,71;
8801111610636;Jori Pong 74g;2,06;
4971128105709;Joshu Akagi Hiyamugi 270g;2,62;
4971128105693;Joshu Akagi Kishimen 270g;2,62;
4971128105808;Joshu Akagi Soba 270g;2,62;
4971128105716;Joshu Akagi Somen 270g;2,62;
4971128105686;Joshu Akagi Udon 270g;2,62;
8801138200612;JW 15-Mixes rice 800g;7,94;
8801138200414;JW 19-Mixed rice 800g;9,81;
8801081700061;JY Boiled Redbean 475g;4,3;
8809275380181;K-CHun Kim 10-Sheets;1,87;
8809041751535;K-Chun olive oil 25g;2,34;
4908101200557;Kabocha Hokuren;5,51;
0081652083023;Kabuto Zaru Soba 1.81Kg;8,32;
0012822009048;Kadoya sesame oil 1.65L;32,71;
0012822009246;Kadoya sesame oil 218ml;6,45;
0012822009222;Kadoya sesame oil 436ml ;11,21;
8852172100314;Kamaboku red 160g;4,21;
8852172100321;Kamaboku white 160g;4,21;
4972012796287;Kamata Sanuki Hiyamugi 400g;4,58;
4972012796263;Kamata Sanuki Udon 400g;4,58;
4901313207147;Kameda Curry senbei;4,21;
4901313205167;Kameda Kaki no Tane;5,42;
4901313216088;Kameda Kakinotane w/o Peanut;4,02;
4901313204689;Kameda Kakinotane wasabi;5,42;
4901313205600;Kameda Tsumami Dane;5,51;
4901401204539;Kanpy Mugicha Bag52-bags;4,21;
4901335004816;Kara mucho corn snacks;2,06;
4901335003666;Kara Mucho Hot Chilli;2,06;
4901326011915;Kasugai green Mame;2,34;
4901326011922;Kasugai Green Wasabi Mame;2,34;
4901326030848;Kasugai Gummy Gummy Candy, Grape, 3.77 Ounce;2,62;
4901326037267;Kasugai Kuro Ame;2,71;
4901326040397;Kasugai Lychee Gummy candy 102g;2,62;
4901326037298;Kasugai Rakka Ame;2,71;
4901326037274;Kasugai Shio Ame;2,71;
4901326037045;Kasugai Sumiyaki coffee ;2,99;
4903316443751;Kasugai Trauben Ame;2,06;
4979219018877;Katsuo Takuan 600g;6,07;
8436566460033;Katsuobushi 40g;5,89;
8809041720197;KChun Gim 8+2 olive oil;5,89;
8809041723907;Kchun Gim, 8+2 original ;5,89;8809041752075
4901372103909;Key coffee 30g*4;8,32;
4901372286541;Key coffee mit filter 80g;6,82;
8715035130302;Kikomann Genen Shoyu 250ml;3,93;
8809275380679;Kim Nori BBQ 40g;2,71;
8809275380709;Kim Nori original 40g;2,52;
8809275380686;Kim Nori Seafood ;2,8;
8801043055628;Kimchi Cup L;1,87;
8801043028158;Kimchi Cup S;1,4;
4902939130062;Kinako 100g;1,78;
8801117912406;King Gorebab 56g;1,87;
4967448007731;Kitakata Ramen Miso 3-bags;2,71;
8809451240032;KJ Plum concentrated Juice & Mix 1Kg;8,82;
0031977512258;Koban age 120g;2,8;
4901195515606;Koh itten Akatsubu 650g;7,38;
4901195515637;Koh itten Shirotsubu 650g;7,38;
4901335003673;Koikeya Chips Karamucho Hot Chili 60 g;2,06;
4901335003963;Koikeya Chips mit süß-saurem Pflaumengeschmack 100 g;1,87;
4901335005912;Koikeya corn snack black pepper 65g;2,06;
4901335006070;Koikeya crisps with wasabi and nori seaweed;1,87;
4901335006339;Koikeya Teriyaki snack 40g;1,12;
4901335006346;Koikeya Wasabi Nori snack 40g;1,12;
4971551111599;Konbu Hidakadashi 60g;4,62;
4967105801115;Konbu Tsuyu 3-Bai 1L;7,38;
4944270601801;Konjak 200g;1,68;
4903011090052;Konjak 250g;1,68;
4099944020652;Konjak block 260g;1,68;
4099944020669;Konjak nudeln 180g;1,68;
4935775920818;Konnyaku Kuro 280g;1,68;
4972727200987;Kozen Mojun Yuzu Shio 30g;2,71;
4972727200932;Kozen Schimi Togarashi 25g;2,71;
4316734763637;Kreyenhop & Kluge ricenudeln 454g;2,71;
45227004;Kubota ICE Azuki 170ml;3,08;
45227011;Kubota ICE Macha 170ml;3,08;
0789654167511;Kuki sesame oil 170g;5,51;
4906436005069;Kurata Hiyashi Zuka Kenmen 280g;3,64;
4972370403056;Kuro Goma Latte 150g;5,14;
9120027414589;LA Galbi 1Kg;18,6;
0078895700022;LKK Hoi Sin Sauce 397g ;3,27;
0078895300017;LKK Oyster sauce 255g;2,06;
0078895300024;LKK Oyster sauce 510g;3,64;
0078895300031;LKK Oyster sauce 907g;5,51;
0078895720051;LKK Sweet & Sour Sauce 240g;2,62;
0078895731033;LKK TobanDjan 368g;3,64;
8801062870462;Lotte Butter coconut 100g;0,93;
0845502061407;Lotte Choco Pie Banana;3,64;
0845502021128;Lotte Choco Pie Black sugar ;3,64;
8801062475148;Lotte Choco Pie Cacao;3,64;
8801062006205;Lotte Choco Pie Green Tea;3,64;
8801062160709;Lotte Choco Pie original 12packs;3,64;
0607279240290;Lotte Custard 6 packs;2,8;
8801062144815;Lotte Kancho 42g;0,93;
8801062873418;Lotte Margarette 176g;3,27;
8801062273294;Lotte Mongcell cake;2,71;
8801062273331;Lotte Mongshell Cacao;2,71;
8801062267798;Lotte PePeRo almond 4-packs;4,49;
8801062865710;Lotte PePeRo Choco cookie 4-packs;4,49;
8801062016099;Lotte PePeRo original 4-packs;4,49;
8801062870509;Lotte Sand ;1,21;
8801056023737;Lotte, Mirim 1.8L;14,49;
8801056023690;Lotte, Mirim 500ml;4,58;
8809420390157;Macaroni  320g;6,45;
0081652097334;Makaroni 500g;7,1;
4902884013229;Makota Surigoma Shiro 45g;1,5;
8801250911106;Mamison L;3,93;
8801759001087;Mandu Pi 150g;2,34;
4901326040229;Mango Gummy Candy, Mango;2,62;
8801111904292;maple corn 74g;2,34;
8801117956202;Marine Boy snack;1,21;
4903011090038;Marufuji Shirataki 180g;1,68;
4902752166002;Marukyo Dorayaki 320g;5,42;
4902752170009;Marukyo Dorayaki Chestnut;5,14;
4902752270006;Marukyo Funwariyaki  280g;5,14;
4902752163100;Marukyo Macha pancake 150g;3,74;
4902752163001;Marukyo pancake original 150g;3,74;
4902820130416;Marumiya Nori Chazuke 42g;2,71;
4902833833892;Marumoto Konbu Katsuo Tsuyu 500ml;4,58;
4978886100625;Maruoka Mizumi 111g;3,93;
4979219615564;Marutsu Fukujin Zuke 150g;2,34;
4979219000919;Marutsu Sakura Daikon 150g;2,34;
4979219000933;Marutsu Shiba Zuke 150g;2,34;
4979219000421;Maruz Ipponzuke Takuan 570g;4,49;
8809841060202;mashmallow Dog 30g;0,93;
0808248144049;Mat Kimchi 1Kg;10,19;5905563491041
8809480062360;Mat-Do-A snack;3,08;
8801037006391;Maxim coffee mix;6,07;
8801037019667;Maxim mix coffee mocha 100-bags;25,7;
8801037019476;Maxim original coffee Mix 100-bags;24,21;
4901577092503;Mayonnaise 450g;6,45;
4970295021225;Megukiya Yomogi Daifugu 220g;6,07;
8801104941143;Melon Ice;0,93;
8801104941341;Melon Ice 8EA;7,48;
8801104943635;Melon Mango Ice;0,93;
8801104944281;Melon Mango Ice 8EA;7,48;
4977822002399;Michimoto  Foods, Nagarano Takuan 294g;5,51;
8801005560511;Minatsu Buckwheat nudeln  1.3Kg;8,32;
4977833441156;Minoya Deramix;3,08;
4977833773004;Minoya Kakinotane 93g;2,71;
4041388632700;Mischung Meeresfrüchten 1Kg;9,25;
8809258780779;Miso Block 18g*5ea;7,38;
8809306602626;Miso Cup Pilz 1EA;1,4;
8809306602633;Miso Cup Wakame 1EA;1,4;
4902663009153;Miso Ramen Cup;3,55;
4902758310751;Misuzu 2*8pieces (5*8cm);4,21;
4902939110057;Mitake Shiratamako 150g;3,64;
4902817752546;Miyakoichi Curry Udon 3-bags;5,14;
4902817711024;Miyakoichi Hiyashi Chuka 1P;1,87;
4902817772117;Miyakoichi Hiyashi Chuka 3P;4,95;
4902817772223;Miyakoichi Hiyashi Chuka Gomadare 3P;4,95;
4902817830114;Miyakoichi Teppan Yakisoba 3*160g;3,64;
4902817771226;Miyakoichi Tonkotsu-Fu 3-bags;4,21;
4902817731343;Miyakoichi Yakisoba 3 PCs;3,64;
4953206020050;Miyatake Yude Udon 5*200g;4,58;
49685183;Mizkan Ajipon 360ml;6,07;073575543043
4902106860655;Mizkan Goma Shabu 250ml;5,51;
0073575273278;Mizkan Kokumotsu Su 500ml;3,64;
0073575273193;Mizkan Kokumotsu Su 900ml;4,86;
0073575232275;Mizkan Komezu 500ml ;4,49;
5060336504059;Mizkan Sushi Su 568ml;4,95;
0073575295317;Mizkan Sushisu 710ml ;7,66;
5060336503373;Mizkan Vinegar 255ml;2,62;
0074410772963;Mochikon Green Powder;2,62;
0074410772956;Mochikon soybean powder;2,62;
4902880040014;Momoya Ajitsuke Menma 100g;4,49;
4902880020276;MoMoya Hana Rakkyo 180g;4,58;
4902880051379;Momoya Hot oil with red pepper & Garlic;4,21;
8809260581661;Mongsko cotton Candy;1,68;
4902888546686;Morinaga Mix 300g;3,27;
4902856407063;Morita Bannou Tsuyu 1L;7,38;
4902856407056;Morita Bannou Tsuyu 340ml ;3,64;
4902856451134;Morita Gomadare 200ml;3,93;
4902856434182;Morita Shiro Dashi 340ml;4,95;
4902856311070;Morita Shorishu 500ml ;4,58;
8803122098977;MungTae E-muk 800g;8,32;
8803122098984;MungTae W-muk 360g;3,93;
4902817731336;Mushi Yakisoba 5*150g;7,38;
4904783000454;Mutenka Awase Tsuru Miso 500g;6,45;
4904783000409;Mutenka Kome Miso Kame 500g;6,45;
4904783003547;Mutenka Mugo Miso Ryu 500g;6,45;
8801052103310;MW Miwon 100g;1,68;
8801052171012;MW Salt 100g;0,93;
8801052171067;MW salt 1Kg;4,58;
8801117339708;My Gummy 66g;1,21;
8801117342104;My Gummy peach;1,21;
4006599000793;Nagomi Macha ICE 500ml;3,64;
4902817731213;Nama Yakisoba  570g;4,86;
8858731200082;Nanaco Pudding Mango;2,71;
8858731200075;Nanaco Pudding mixed;2,71;
0031977514306;Naruto Maki 160g;3,27;
0074410939656;Natto 135g (3EA);4,21;
4901118006624;Natto 40g*3;3,27;
4901118010928;Natto 40g*4 ;3,64;
4973527002023;Natto, 136.5g 3EA;3,27;
4901160050118;Natto, Azuma 3EA;4,21;
4976577662629;Natto, BIO 3EA 40g*3;3,27;
0634158960024;NH foods Chicken Karrage 1Kg;14,49;
4250127412804;NH jpa. sausage 200g;3,93;
8802373120178;NH Yuzu Tea 500g;5,14;
8801043157728;NHS Japagetti 1EA;1,4;
4902388001104;Nigatanien Ochazuke Nori;2,34;
4902381209378;Ninben Shiro Dashi 500ml;5,42;
5997523313005;Nissin Cup chicken;1,5;
5997523313135;Nissin Cup Chili;1,87;
5997523313111;Nissin Cup classic;1,87;
5997523313050;Nissin Cup Curry;1,5;
8712429130405;Nissin Cup Shrimp;1,5;
5997523313159;Nissin Cup Teriyaki;1,87;
5997523313234;Nissin Cup Yakitori;1,87;
4902105002674;Nissin Donbei Kitsune Udon;5,14;
5997523335458;Nissin seafood Ramun 1EA;0,93;
5997523335496;Nissin Spicy beef 1EA;0,93;
4902124681942;Nodel saure Brause Kugeln 60g;2,8;
8809275382192;Nori pulver 70g;3,93;
8801043157735;NS Ansung Tangmun 1EA;1,21;
8801043060240;NS Black Shin Multi 5EA;10,19;
8801043062848;NS braten nudeln 5EA;6,36;
8801043032049;NS Potato Ramun 1EA ;1,4;
8801043021883;NS Shin Ramun 5EA;6,45;
8801043022705;NS Sum Ramun 1EA;1,31;
8801043043441;NS Sun Ramun 5EA;6,07;
8809749479069;Nu-Rung-Ji 10-Packs;12,62;
8809749478024;Nu-Rung-Ji 60g;1,4;
8801043157711;Nuguri Hot 1EA;1,31;
8801043157773;Nuguri mild 1EA;1,31;
8801045890715;Nurungji Cup ;1,68;
8801117718008;O ! Gamja 115g;4,49;
8801117910907;O! Gamja ! 50g;2,06;
0081652041375;O-Jang dong Yuksu 330ml;0,93;
8803372017063;O-Me-Gi Ricekuchen 20EA;20,19;
4903302001286;Oban Gyoza Kawa 26p;2,34;
8807780880974;Oden Hana 320g;2,71;
0031977519615;Oden set 433g;9,81;
8801052730769;Offod beef-galbi sauce 280g;2,15;
8801052730653;Offod, beef sauce 280g;2,15;
8801052035833;Ofood Crispy frying mix 1Kg;3,27;
8801052035840;Ofood crispy pancake mix 500g;1,87;
8801052034928;Ofood Lunchenmeat 340g;4,21;
8801052993331;ofood, beef sauce 840g;5,14;
8801052431482;Ofood, Granada 500ml;4,58;
4901324017018;Ogura Yokan 130g;1,68;
4901108007754;Oishii Gomadare 270g;3,27;
0074410174026;Oliver Chuno sauce 580g;3,64;
0074410174033;Oliver Worcestershire 580g;3,64;
8801043216142;Onion Ring 50g;1,87;
8809486992180;Oranda 160g;2,52;
0074601005160;Orchids Inarizushi no moto 280g;4,3;
4901335006087;Original Premium Japanese Chips - Teriyaki - Koikeya 100g ;1,87;
4571157254579;Orihiro blue grape Jelly;2,34;
4571157252193;Orihiro Peach Jelly;2,34;
4571157254340;Orihiro Trauben Jelly;2,34;
8801117943516;Orion Choco Pie 468g;5,51;
8801117446901;Orion Choco Song-I;1,4;
8801117540210;Orion fresch strawberry;4,21;
8801117164409;Orion Na ! snack;1,68;
8801117984304;Orion Peanut ball;2,15;
8801117962005;Orion Turtle chips;2,71;
8801019606328;Osatsu 60g;2,52;
4970077194321;Otafuku Junmaisu 500ml;3,64;
4970077194338;Otafuku Kokumotsuyu 500ml ;3,64;
4970077163563;Otafuku Okonomi sauce 300g;3,27;
4970077115289;Otafuku Okonomi Sauce 500g;4,58;
4950612203404;Otafuku Okonomiyaki & Takoyaki flour 180g;2,34;
4970077198329;Otafuku Sukiyaki sauce 370g;4,95;
4970077194369;Otafuku Sushisu 500ml ;3,64;
4970077163587;Otafuku Takoyaki Sauce 300g;3,55;
4950612204760;Otafuku Tenkasu 50g;2,06;
4970077208400;Otafuku Tenkatsu 50g;2,06;
4970077163570;Otafuku Yakisoba 300g;3,27;
4970077115296;Otafuku Yakisoba sauce 500g;4,58;
4902750905498;Otros Fabricantes Caramelos blandos sabor cola Uha Puccho;2,34;
8801045420042;Otrtugi Crispy extra Batter Mix 1Kg;4,95;
8802783203775;Ottugi Corn silk Tea 40-bags;5,79;
8801045420400;Ottugi Flying Batter Mix 500g;2,34;
8802783202785;Ottugi ginger Tea 15-bags;4,49;
8802783203065;Ottugi Herb Tonic Tea 15-bags ;4,21;
8802783201436;Ottugi Jujube Tea 1Kg;9,25;
8801045303079;Ottugi ricesoup 285g;2,62;
8802783201429;Ottugi Zitron Tea 1Kg;10,19;
8802783200576;Ottugi Zitronic Tea 500g;5,51;
8801045290317;Ottugi, 3Min Curry ;1,78;
8801045290324;Ottugi, 3Min Curry Hot;1,78;
8801045290300;Ottugi, 3min Curry mild;1,78;
0645175521440;Ottugi, Beijing Jajang 5EA;5,61;
0645175521556;Ottugi, Beijing Jangpong 5EA;5,51;
8801045426204;Ottugi, bread pulver 200g;1,78;
8801045426402;Ottugi, bread pulver 500g;4,21;
8801045495415;Ottugi, Buchweizennudeln 400g;4,58;
8801045524696;Ottugi, Cheese Ramun 4EA;5,14;
8801045010120;Ottugi, Curry pulver 100g med.hot;1,87;
8801045010113;Ottugi, Curry pulver mild 100g;1,87;
8801045370095;Ottugi, Dangmun 100g;1,78;
8801045480404;Ottugi, Dangmun 1Kg ;13,55;
8801045480107;Ottugi, Dangmun 300g;4,86;
8801045370118;Ottugi, Dangmun 400g;5,14;
8801045480206;Ottugi, Dangmun 500g;7,01;
8801045375762;Ottugi, Dangmun Al-Dul 1Kg;8,97;
8801045680224;Ottugi, Gebratener Sesam 100g;3,46;
8801045522562;Ottugi, Jin Jambong 4EA;6,36;
8801045523699;Ottugi, Jin Ramun Hot 5EA;5,14;
8801045523675;Ottugi, Jin Ramun mild 5EA;5,14;
8801045333670;Ottugi, JinJajang 4EA;6,45;
8801045494401;Ottugi, Kalguksu 900g;3,74;
8801045521312;Ottugi, Kimchi Ramun 1EA ;0,93;
8801045521329;Ottugi, Kimchi Ramun 5EA;4,58;
8801045492407;Ottugi, middle size somen 900g;3,93;
8801045509976;Ottugi, onion picke sauce 330g;2,62;
8801045423401;Ottugi, pancake mix 500g;2,24;
8801045450124;Ottugi, pepper 50g;3,55;
0645175522010;Ottugi, Sari-Mun 1EA;0,65;
8801045351407;Ottugi, seaweed 100g;5,23;
8801045351100;Ottugi, seaweed 50g;2,71;
8801045440309;Ottugi, sesame oil 160ml;6,07;
8801045440743;Ottugi, sesame oil 1L;25,7;
8801045440408;Ottugi, sesame oil 320ml ;9,81;
8801045440545;Ottugi, sesame oil 500ml;13,55;
8801045491509;Ottugi, Somen 1.5Kg;6,07;
8801045491707;Ottugi, Somen 3Kg;11,87;
8801045491301;Ottugi, Somen 500g;2,34;
8801045491400;Ottugi, Somen 900g;3,64;
8801045521077;Ottugi, Yulramun 5EA;4,67;
8801045521015;Ottuji, Yul Ramun 1EA;1,03;
8809128289531;Pa-Re Muchim 200g;3,74;
8801128503051;Paldo bibimmun 5EA ;5,14;
0648436104185;Paldo fire-Ramun 5EA;5,51;
4901577020650;Pasta Sauce Tarako;4,49;
4901326040342;Peach gummy candy;2,62;
8801117761806;Peanut crunchy 80g;2,34;
8801062267712;PePeRo almond ;1,21;
8801062641260;PePeRo choco cookie ;1,4;
8801062267699;PePeRo choco filled;1,21;
8801062881741;PePeRo Crunchy;1,21;
8801062267675;PePeRo original;1,21;
8801062880140;PePeRo snowy almond;1,21;
8801062636358;PePeRo white cookie;1,21;
0087703143210;Pepper pulver PET 227g;3,64;
8801117760106;Poca chips original;2,71;
8801097150034;Pocari sweat 1,5L;7,76;
4987035338710;Pocari Sweat powder (powder) for 1L;3,27;
4903333293650;Pokemon Brause Bonbons 40g;1,87;
4902820128215;Pokemon corn cream soup 53,1g;4,21;
8809788011947;Pokemon cutton candy;1,4;
49368406;Pokemon Traubenzuker 5PCs;2,34;
8809788011527;PoRoRo Cutton candy;1,4;
4907050001260;Pumkin Korokke 600g;9,81;
4901577048234;QP Mayonaise 500g;6,45;
4901577038853;QP Mayones 1L;12,99;
8719189240207;QP Mayones 236ml;4,58;
49811353;Ramune Bonbon 29g;1,5;
0081652085775;Rapokki Cup;3,08;
0084909002198;red curry paste 50g ;0,65;
0081652000259;Rhechun, sweet rice 15LBS;22,43;
0081652000129;Rhiechun, brown rice 15LBS;16,82;
0081652000266;Rhiechun, Hunmi sweet 15LBS;20,56;
4316734047805;Ricefield Reispapier 300g;2,52;
4316734047812;Ricefield, Reispapier 300g;2,52;
4316734047850;Ricefield, Reispapier 300g round type;2,52;
4902650053879;Ryorino Nihon Su14% 1.8L;11,68;
4903302001804;Ryushobo Gyoza kawa 25p;2,34;
0074880178791;S&B Golden Curry Chukara 230g;3,08;
4901002075439;S&B Golden Curry Hot 220g;5,23;
4901002075422;S&B Golden Curry Medium 220g;5,23;
4901002075415;S&B Golden Curry Mild 220g ;5,23;
0074880040630;S&B Golden Curry with Vegetables Extra Hot 230g;3,08;
0074880020304;S&B La-Yu 33ml;2,62;
0074880020014;S&B Mustard 43g;1,78;
0074880020038;S&B Nama Wasabi 43g ;2,34;
4901002168858;S&B Nanami Togarashi 15g;2,62;
0074880040012;S&B Oden Soup Mix 80g;2,34;
0074880035506;S&B Tasty Brown Stew 160g;4,58;
0074880057393;S&B Tasty Curry Hot 200g;4,58;
0074880057386;S&B Tasty Curry medium 200g;4,58;
0074880057379;S&B Tasty Curry mild 200g;4,58;
0074880051018;S&B Tasty Hayashi Rice 160g;4,58;
4901002075484;S&B Wasabi 43g;2,06;
0074880035469;S&B White stew 160g;4,58;
0074880020083;S&B Yuzu Kosho 43g;2,34;
8801039006610;Sajo, Tuna Sauce 500g;8,32;
8809036248163;Sal-De-Rong 220g;3,64;
0087703080485;Sal-Ro-Bul 100g;1,78;
4901313938218;Salad Shrimps Usuyaki;3,08;
4901313205730;Salad Usuyaki;3,08;
8809128281436;salted Mackerel 400g;9,81;
8809128281450;Salted spanish Mackerel;9,81;
8809144500009;SAMGETANG meterials 70g;2,62;
0087703164772;Samjin boiled redbean 470g;3,27;
8801068450316;Samlip Gemüse Mandu 675g;5,89;
8801068071351;Samlip Junghwamun 1.15Kg;5,14;
0639454451160;SAmlip Kimchi Mandu 675g;5,89;
8801024054046;Sammu Kor. Domestic;3,69;
4902750905450;SAMURAI STYLE UHA Mikakuto Puccho Strong Soda Stick 10 pieces x 10 pieces;2,34;
4901626031620;Sanko  Echigo Taru Yaki  Goma;2,62;
4901626030678;Sanko Echigo Taru Yaki Shoyu 86g;2,62;
4901626033211;Sanko Kobashi shoyu aji;3,64;
4901626033730;Sanko Kodawari no shio aji 122g;3,64;
4901626020662;Sanko no salad sen 91,80g;2,62;
4901626025353;Sanko Parinko Reisgepäck 101g;3,27;
8809788011046;Sanrio cutton candy;1,4;
8809128288985;Sanuki Udon (kor) 1.15Kg;5,51;
4952388020575;Sanuki Udon 1,25Kg;6,45;
4901734000280;Sapporo Ichiban 5-bags;13,93;
4901734000198;Sapporo Ichiban Miso Ramen 5-bags;13,93;
4901734000273;Sapporo Ichiban Shoyu 5-bags;13,93;
4901726014974;Sapporo miso Ramen 186g;3,27;
4560159440356;Sarashina soba 400g;2,8;
4973360233233;Sato Kirimochi 400g;7,38;
4987316041186;Sato Yunker Energie Drink 100ml;2,62;
7411344;Sato Yunker Energy & Health 30ml;3,19;
4902663015567;Savoury white Miso 300g;3,27;
4902170255999;Scari Macaroni 120g;2,06;
8801043001786;Schrimps Chips spicy;1,5;
9120086392378;Sea story Ggong-Chi 520g;8,32;
4901990513081;Seimen Miso Ramen 5-bags;12,99;
4901990513142;Seimen Tokotsu 5-bags;12,99;
4901990514200;Seimen Tonkotsu  Multi-pack (6EA);12,99;
4901990513173;Seimen Tonkotsu Yuzu Ramen 5-bags;12,99;
4901990513043;seimen Yuzu Ramen 5-bags;12,99;
8801005931519;Sempio Shindangdong Topokki sauce 180g;1,87;
8801005931434;Sempo BBQ sauce 75g;1,12;
8801005633444;Sempo BIO Barley Tea 30-bags ;5,51;
8801005634441;Sempo BIO corn Tea 30-bags;5,51;
8801005641326;Sempo BIO Tartary Buckwheat Tea 20-bags ;2,62;
8801005932530;Sempo Chicken GangJung Sauce 360g;4,21;
8801005641319;Sempo Corn silk Tea 20-bags;2,62;
8801005119108;Sempo Dasima soy sauce 860ml;5,61;
8801005205634;Sempo Gim Jaban BBQ 50g;3,46;
8801005123594;Sempo Gim Jaban Original 50g;3,46;
8801005641289;Sempo green natur tea 20-bags;2,34;
8801005105088;Sempo Jin Soy Sauce 1.7L;7,01;
8801005105217;Sempo Jin Soy sauce 5L;16,54;
8801005105200;Sempo Jin Soy Sauce 860ml ;3,55;8801005107006
8801005514514;Sempo Kalguksu 650g;3,46;
8801005654029;Sempo Lotus root Tea 40-bags;7,01;
8801005517508;Sempo Rice Somen 400g;2,71;
8801005211222;Sempo Salt (Sinan) 500g;2,71;
8801005641333;Sempo Solomon Tea 20-bags;2,71;
8801005515542;Sempo Somen (Jingong) 1.5Kg;6,73;
8801005515511;Sempo Somen (Jingong) 900g;4,3;
8801005511551;Sempo somen 1.5Kg;5,79;
8801005511513;Sempo Somen 900g;3,64;
8801005345996;Sempo Somun 2.5Kg;12,8;
8801005109215;Sempo Soup Soy sauce 860ml;3,64;
8801005133203;Sempo Soy Sauce Gold F3 860ml;4,58;
8801005133029;Sempo Soy Sauce gols F3 1.7L ;8,13;
8801005198325;Sempo Tobboki sauce hot 150g;2,06;
8801005931113;Sempo, Andong chicken sauce 210g;2,71;
8801005306898;Sempo, blackbean in soysauce 70g ;3,64;
8801005341820;Sempo, De-Duk Jangachi 90g;4,02;
8801005201025;Sempo, Hunmi venegar 900ml ;3,08;
8801005345897;Sempo, somen 2.5Kg;11,68;
8801005112314;Sempo, Soysauce Jang Jo 860ml;5,14;
8809083498177;Seoul Tobokki Cup;2,71;
4035458206502;Shibazuke 200g;1,78;
4901740115237;Shimaya Dashi no moto 40g;1,78;
4901740151976;Shimaya konbu Dashi no Moto 128g;3,64;
8801043025256;Shin Cup L;1,96;
8801043031011;Shin Cup S;1,4;
8801043150620;Shin Ramun 1EA;1,31;
8801111185066;Shin ZZang 120g;2,15;
4901617129398;Shinano Kinoko Shi Gure 400g;6,36;
4901614501753;Shinjyo Miso red 300g;2,71;
0074410411138;Shirakiku Buckwheat 800g;5,42;
4035458212473;Shirakiku Burdock 400g;3,64;
4035458211476;Shirakiku fried tofu, frozen;2,15;
0074410025694;Shirakiku Kinako 142g;1,78;
4035458212466;Shirakiku Lotus 500g;3,64;
0074410411107;Shirakiku weizennudeln 1Kg;5,14;
4935775920825;Shirataki Shiro 380g/200g;1,68;
4970295021218;Shiro Daifuku 220g;6,07;
4901760431898;Showa Karrageko 80g;2,06;
4901760432154;Showa Mix 300g;2,62;
8801043061308;Shrimp chips;1,96;
8801043032322;Shrimp Cup L;1,96;
0087703005907;Shrimp Jot 1Kg;13,83;
0087703008434;Shrimp Jot 500g;7,1;
8801043216128;Shrimps Chips original ;1,5;
4035458206786;Shshi Ginger 60g red ;0,84;
8809152833472;Sin-Sun-Mi Red Pepper 1.36Kg;18,22;
8809152830013;Sin-Sun-Mi Red-Pepper 454g;6,45;
8804073168320;Sindangdong Dukbokki 500g ;2,52;
8801019606311;Sindangdong Teokbokki 110g;1,96;
4901401203693;Soba 400g;4,58;
4016903000005;Soja Kang Tofu 450g;2,8;
4901401203679;Somen 500g;4,02;
4337182127345;Sonnen-blumen öl;2,52;
4902663009146;Soy Sauce Cup ;3,55;
4902663014645;Spicy Miso Tonkotsu Cup;3,55;
8888003215407;Spring Roll Pastry 40sheet 550g;3,74;
8888003190506;Spring Roll Pastry 50-sheets 550g;3,74;
8850620888012;Squid fish sauce 300ml;1,78;
8850620888074;Squid fish sauce 700ml ;3,64;
0087703182097;SRA Burdock & Radish 240g;3,08;
8853662056012;Sriracha sauce 455ml ;4,21;
8809119450063;Starch sheetfür 4 perspn;6,45;
8809709340194;Strawbarry Cottoncandy;1,4;
8809709340170;strawberry cuttoncandy;1,21;
4901326040052;Strawberry Gummy Candy;2,62;
0087703023321;Streifen Rettich 1Kg;5,14;
8809403535216;Sugarlolo Konjac Jelly Green grape;1,12;
8809403536190;Sugarlolo Konjac Jelly Lychee;1,12;
8809403535223;Sugarlolo Konjac Jelly Mango;1,12;
8809403537739;Sugarlolo Konjac Jelly Passion Fruit;1,12;
8809403535193;Sugarlolo Konjac Jelly Peach;1,12;
0087703014718;Sukina Picked Radish 1240ml;5,14;
0087703013483;Sukina Seng Udon nudeln;3,08;
0087703007864;Sukina, Buchweizennudeln 1.36Kg;7,01;
0087703003767;Sukina, Tomoshiraga 1.36Kg;6,07;
8801111922715;Sul-Bung reis keks;3,27;
8801043028127;Sun Cup S;1,4;
8801111922739;SunGwa 115g;3,27;
0087703070417;Surasang 88 Seoul Topokki;2,34;
0087703132917;Surasang Yuk-Su;0,93;
9120027413216;Surimi 1Kg;11,21;
9120027413223;Surimi 300g;3,27;
9120027415296;Surimi 500g;4,86;
8809128283508;Sushi Gim 20-sheets;3,55;
4035458206762;Sushi Ginger 60g;0,84;
4589951204065;Süßkartoffel Cube snack 85g;4,02;
4901645006319;Sußkartoffelsticks sesam 75g;2,34;
4901645006302;Sußkartoffelsticks sweet 75g;2,34;
9120027410628;Sweet Hunmi 2Kg;7,48;
4260391650659;Sweet Hunmi 5LB;7,38;
5060059825103;sweet potato Korokke 60g*8;7,38;
0031146211005;Sweet potato snack;1,5;
9120027410161;Sweet rice 2Kg;7,38;
0087703171947;Swimming Crab 545g;11,21;
8801073144491;SY Buldakn cheese multi;9,35;
8801073144484;SY Carbonara Hot Chicken 5EA;9,35;
8809421199728;T1031 Cuckcoo;275,7;
4945942003213;Taiyaki 90g*5EA;7,38;
4904670123891;Takara Mirin (Junryo) 500ml;4,58;
4939826758542;Takoyaki 480g;5,89;
4035458200319;Takuan 500g;3,27;
4902087111180;Tamanoi Sushi no Ko;2,34;
4571104821731;Tanaka Dünne Japanische Somennudeln 300g;2,62;
4904561012426;Tanaka Ume Shiso;1,87;
8801043029353;Tempura Cup S;1,4;
8801043032308;Tempura Udon Cup L;1,96;
0648436104239;Temsae Ramen 5EA;5,61;
4976640000013;Tenobe Somen 300g;4,95;
4977822009985;Tenpiboschi Takuan 290g;6,26;
0087703081864;Teriyaki Topokki Cup;3,27;
8853662023571;Thai Pride Chilli sauce 295ml;2,34;
8801005198332;Tobboki sauce mild 150g;2,06;
4973652028851;Tofu firm J-Basket;2,34;
8809252880246;Tofu firm NH 350g;3,55;
8809252880239;Tofu soft 350g NH;3,55;
4973652025614;Tofu soft J-Basket;2,34;
8809418080633;Tokbokki alal-i 1Kg;5,89;
0084909006608;Tom Yum hot&sour paste 454g;4,86;
0087703082076;Tongmil Pung;1,96;
4902663009290;Tonkotsu Cup 82.3g;3,55;
4972286001100;Toyo Katakuriko 500g;4,86;
8809275381867;Triangle Gim 15EA;4,21;
4967262013307;Tsuboichi Hojicha Latte Mix 100g;4,86;
4967262013291;Tsuboichi Tea100g;4,86;
4901401203716;Udon 500g;4,3;
4035458212411;Udon nudeln 200g;0,93;
4902105022122;UFO Nissin Cup;5,14;
4902820112733;Ume Chahan no moto 29g;1,87;
4035458211414;Unagi 268g;12,99;
0031977513125;Uogashi Age 140g;3,27;
4997483400334;Urashima  Furikake Wasabi Nori 50g ;3,64;
4997483400525;Urashima Furikake Gemüse Nori;3,64;
5420076400200;Vannamei shrimp 26/30 1Kg;13,93;
8801068451535;Vermicelli dumpling 900g;9,81;
8801759011307;Vhilgab seng Kalguksu 1Kg;8,32;
4903636710083;Wadakan cooking wine 500ml;5,51;
4903636710014;Wadakan Hakkoda Fukuryusui Mirin 1L ;4,58;
4903636710007;Wadakan Hakkoda Fukuryusui Ryorishu 1L ;4,58;
4903636114102;Wadakan Honzojo Jokyu Shoyu 1L;4,58;
6971732870770;Wakame, 500g;11,68;
0087703021426;Wang Burdock 250g;2,99;
8801766012588;Wang CAN Kimchi 160g ;2,34;
0087703078321;Wang Carbonara Topokki ;6,07;
0087703009035;Wang Ham Heung wasser cold nudeln 624g;4,86;
0087703163225;Wang Mabo Tofu sauce med.hot 130g ;2,62;
0087703171961;Wang Mabo Tofu sauce mild 130g;2,62;
0087703023130;Wang Oyster block 453g;12,99;
0087703000230;Wang Pung-I-Yo;1,78;
0087703000421;Wang Red bean 453g;3,55;
0087703000438;Wang Red bean 907g;6,64;
0087703007475;Wang Serite 340g;2,8;
0087703082656;Wang Serite 907g;7,01;
0087703000155;Wang Wasser cold nudeln 624g;4,86;
0087703119703;Wang, froz. Mais 360g;2,79;
8804073168221;Wang-Wang Dukbokki 500g;2,52;
4939826613902;WEL PAC Beni Shoga 180g;1,4;
0011152424002;WEL PAC Burdock 454g;5,14;
0011152109268;WEL PAC Harusame 170g;3,64;
0011152030265;WEL PAC Hijiki 56.7g;3,74;
0011152010908;WEL PAC Wakame 56.7g;4,21;
8801111186230;White Hazelnut 47g;1,68;
4562273380075;wooke instant rice 200g;2,34;
0081652097884;Yak-Gha 300g;4,86;
8852172100789;Yaki Chikuwa 140g;3,27;
4901108014493;Yakinikuni Tare mittel;3,64;
4901108014486;Yakinikuno Tare mild;3,64;
4035458212428;Yakisoba nudeln 150g;0,93;
49111217;Yakitori no Tare 240g;3,36;
0073469301346;Yamamotoyama Genmai Tea 16-bags;4,49;
0073469301339;Yamamotoyama Hoji Tea 16-bags;4,49;
0073469301360;Yamamotoyama Jasmine Tea 16-bags;4,49;
0073469301315;Yamamotoyama Oolong Tea 16-bags ;4,49;
0073469301322;Yamamotoyama Sencha 16-bags;4,49;
4903001016949;Yamasa koikuchi Shoyu 1L;6,07;
4903001949933;Yamasa Kombu Tsuyu;4,58;
0073899171830;Yamasa less Salt Soy Sauce 1L;7,38;
0073899014823;Yamasa Sashimi Soy sauce 200ml;2,8;
4903001900064;Yamasa Soy Sauce 1L ;4,95;
4903001017724;Yamasa Soy Sauce 500ml ;3,08;
4903001014761;Yamasa Sushi soy sauce 200ml;2,8;
4903001028058;Yamasa Teriyaki sauce 300ml;3,27;
4903127131274;Yamato Edomae Inari 240g;4,58;
4902820112726;Yasai chahan no moto 29g;1,87;
0011152094113;Yasai Mix 454g;5,14;
0031977512234;Yasai Tempura 120g;2,8;
0031977514214;Yasai Tsumire 135g;2,8;
8801117282202;Yegam snack ;2,06;
0084909002662;Yellow curry paste 50g;0,65;
8809054401519;Yo-Pok-ki  oroginal ;2,62;
8809054401526;Yo-Pok-Ki hot ;2,62;
8801062482146;Yogurt Jelly 50g;0,93;
4901006112352;Yokan 232g;6,36;
4901006112543;Yokan ogura;6,36;
8801074800822;Yu-Bu 320g;5,14;
8801043055604;Yuk-Ge-Jang Cup ;1,87;
4902765001826;Yukari 20g;2,06;
4902765001208;Yukari Furikake Mishima Br. 22g;2,06;
4006599000779;Yume Nishiki Brown Rice 1Kg;6,92;
4901326040816;Yuzu Gummy Candy;2,62;
4006599000731;Yzme Nishiki Rice 1Kg;6,36;